{"cameraMode":{"drawMode":0,"name":"Shaded","section":"Shading Mode"},"sceneLighting":false,"audioPlay":false,"sceneViewState":{"showFog":true,"showMaterialUpdate":false,"showSkybox":false,"showFlares":true,"showImageEffects":true,"showParticleSystems":true,"showVisualEffectGraphs":true,"m_FxEnabled":true},"in2DMode":false,"pivot":{"x":0.8346860408782959,"y":6.510407447814941,"z":-0.018605947494506837},"rotation":{"x":0.4926811456680298,"y":0.024794455617666246,"z":-0.014045236632227898,"w":0.8697435855865479},"size":3.0464344024658205,"orthographic":false}