{"cameraMode":{"drawMode":0,"name":"Shaded","section":"Shading Mode"},"sceneLighting":true,"audioPlay":false,"sceneViewState":{"showFog":true,"showMaterialUpdate":false,"showSkybox":true,"showFlares":true,"showImageEffects":true,"showParticleSystems":true,"showVisualEffectGraphs":true,"m_FxEnabled":true},"in2DMode":false,"pivot":{"x":-5.468844413757324,"y":1.6012587547302247,"z":-11.063036918640137},"rotation":{"x":0.15477393567562104,"y":-0.0014815663453191519,"z":0.0002315154706593603,"w":0.9879546761512756},"size":17.75642967224121,"orthographic":true}