{"cameraMode":{"drawMode":0,"name":"Shaded","section":"Shading Mode"},"sceneLighting":true,"audioPlay":false,"sceneViewState":{"showFog":true,"showMaterialUpdate":false,"showSkybox":true,"showFlares":true,"showImageEffects":true,"showParticleSystems":true,"showVisualEffectGraphs":true,"m_FxEnabled":true},"in2DMode":false,"pivot":{"x":-12.678735733032227,"y":-6.199916839599609,"z":-6.479099273681641},"rotation":{"x":0.3333888351917267,"y":0.004242559429258108,"z":-0.001500314916484058,"w":0.9427821040153503},"size":23.500022888183595,"orthographic":false}